id,sport,created_at
12,Judo,2025-06-08 03:56:16.523456+00
15,Ski & Snowboard,2025-06-08 03:56:17.723456+00
18,Swimming,2025-06-08 03:56:18.923456+00
28,Indoor Track & Field,2025-06-08 03:56:22.923456+00
29,Weight Lifting,2025-06-08 03:56:23.323456+00
30,Wheelchair Sports,2025-06-08 03:56:23.723456+00
33,Canoe Paddling,2025-06-08 03:56:24.923456+00
35,Cricket,2025-06-08 03:56:25.723456+00
36,Dance Team,2025-06-08 03:56:26.123456+00
37,Drill,2025-06-08 03:56:26.523456+00
38,Poms,2025-06-08 03:56:26.923456+00
39,Riflery,2025-06-08 03:56:27.323456+00
40,Speech,2025-06-08 03:56:27.723456+00
41,Slow Pitch Softball,2025-06-08 03:56:28.123456+00
43,Boys Volleyball,2025-06-08 03:56:28.923456+00 